[{"@type":"connection","id":"@1","name":"cdp_sql_Server","runtimeEnvironmentId":"@9wRmXF79Wswi8XmTBvZK6j","host":"infacdp.database.windows.net","database":"cdp-demo","codepage":"MS1252","authenticationType":"SqlServer","adjustedJdbcHostName":"infacdp.database.windows.net","schema":"dbo","type":"SqlServer2016","port":1433,"password":"********","username":"infacdp@infacdp","majorUpdateTime":"2018-07-13T18:39:46.000Z","timeout":60,"connParams":{"agentId":"0103CQ08000000000002","CryptoProtocolVersion":"TLSv1","agentGroupId":"0103CQ25000000000002","AUTHENTICATION_TYPE":"SqlServer","trustStore":null,"HostNameInCertificate":null,"encryptionMethod":"SSL","orgId":"0103CQ","ValidateServerCertificate":"False"}}]