[{"@type":"connection","id":"@1","name":"workdayHR","runtimeEnvironmentId":"@9wRmXF79Wswi8XmTBvZK6j","instanceName":"Workday V2","type":"TOOLKIT","port":0,"majorUpdateTime":"2018-07-16T23:18:00.000Z","timeout":60,"connParams":{"mode":"UPDATE","agentId":"0103CQ08000000000002","Tenant Name":"informatica_gms1","Username":"oreynolds","Version":"v24.0","Customized":"true","agentGroupId":"0103CQ25000000000002","Module Name":"Human Resources","connectionTypes":"Workday","orgId":"0103CQ","Domain Name":"impl-cc.workday.com","Password":"********"}}]